job_title,company_name,experience_level,job_type,skill_tags,cleaned_description
QA Test Engineer,PrimeWorks,Lead/Principal,Backend,"react, azure, git, github, gitlab",you will be working for a usbased technology company leading the development of an ecommerce platforms that supports independent retailers in north america as they adopt and embrace new components of their digital marketing solutions we build and maintain thousands of retailer websites that must run reliably efficiently and effectively this lead position is responsible for leading the development team in implementing new functionality and coding updates to both new and existing systems in this position you will primarily be working with nodepostgres on the backend and nextreact on the frontend but working knowledge of similar and related technologies is important the role will work on an amazing team of engineers to continue building out products to meet our retailers digital needs we only want the best and if you are looking to work with a fast growing and stable american company then this position is for you responsibilities manage testing for a complex feature set within a core team and through cooperation with other teams provide manual testing assistance as required create test plans coordinate with other test engineers to confirm necessary coverage across the organization responds to production issues and help release hotfixes for such issues recommend and enact process changes or infrastructure improvements to address common causes of test failures provides input on functional design manage nearshore and offshore testing as necessary qa test automation experience knowledge of git basics experience working in an agile environment strong debugging skills and attention to detail ability to effectively collaborate with other software engineers within the team solid verbal and written communication skills bonus experience working with major devops platforms and pipeline automations such as github gitlab azure devops bitbucket etc please submit your resumes in english
"Senior Product Manager, Platform",ServiceUp,Lead/Principal,Backend,No Tags Found,about the role serviceup is seeking a senior product manager platform to lead the strategy development and growth of our platform and integrations this role is a strategic leader responsible for both consuming apis from our partners to enrich our platform and exposing our proprietary data via apis to enable a thriving partner ecosystem the ideal candidate will bridge the gap between technical teams and business stakeholders ensuring our platform provides a reliable scalable and secure foundation for innovation and business growth what youll do define product vision and strategy define and own the product vision and roadmap for serviceups api platform ensuring it aligns with the companys longterm business objectives and strategic initiatives manage inbound integrations work with external partners and vendors to understand their api offerings prioritize integration opportunities and oversee the development lifecycle of consuming their apis to enrich serviceups platform manage outbound integrations lead the design development and management of serviceups apis ensuring they are robust scalable and welldocumented to attract and empower external developers and partners crossfunctional collaboration serve as the primary point of contact for apirelated matters working closely with engineering design marketing sales and operations teams to launch crossfunctional initiatives and gather requirements ecosystem partner management cultivate and grow a thriving partner ecosystem this includes defining features that accelerate partner onboarding ensuring seamless developer experiences and acting as a technical liaison for apirelated inquiries what youll bring a bachelors degree in a relevant technical field or equivalent practical experience 5 years of experience in product management or a related technical role with a minimum of 3 years focused on apis platforms or partner ecosystems a proven track record of delivering complex products in an agile environment and managing a product from conception to launch strong analytical skills and the ability to translate technical concepts into clear business value for both technical and nontechnical stakeholders deep understanding of api architecture saas platforms and partner integration workflows exceptional collaboration and communication skills with the ability to build trust and alignment across diverse teams preferred qualifications experience in a highgrowth entrepreneurial environment a background in developer tools or coding experience with major api management platforms like mulesoft apigee or postman why youll love working here we live our values every day team first work smart own it be bold push boundaries if that sounds like you youll fit right in what we offer competitive pay with equity medical dental and vision coverage flexible pto and company holidays remotefriendly setup with home office support learning and development budget wellness stipend to support your health and wellbeing paid parental leave benefits may vary by location and role if youre motivated by impact and aligned with our values we want to hear from you you dont need to meet every single requirement we care about your skills drive and how you work with a team service up is an equal opportunity employer committed to a diverse inclusive workplace where everyone can do their best work
Business Development Associate,Forbes Advisor,Not Specified,Frontend,aws,company description at forbes advisor our mission is to help readers turn their aspirations into reality we arm people with trusted advice and guidance so they can make informed decisions they feel confident in and get back to doing the things they care about most we are an experienced team of industry experts dedicated to helping readers make smart decisions and choose the right products with ease forbes advisor boasts decades of experience across dozens of geographies and teams including content seo business intelligence finance hr marketing production technology and sales the team brings rich industry knowledge to forbes advisors global coverage of consumer credit debt health home improvement banking investing credit cards small business education insurance loans real estate and travel job description forbes advisor is seeking a business development associate who thrives in a collaborative goaloriented environment reporting to the director of business development this individual will support the home improvement vertical and assist broader commercial teams in identifying executing and optimizing growth opportunities across the portfolio responsibilities support the director of business development in achieving revenue and growth targets serve as the primary point of contact for all postsale client requests collaborate with the sales team to develop tailored media plans and proposals manage the collection of creative assets tracking and ad verification from clients and agency contacts oversee order creation and management process insertion orders and ensure compliance with requirements coordinate with internal teams to project manage all elements required for campaign execution partner with internal teams on billing reconciliation assist the sales team in upselling and renewing business requirements 2 years of proven sales experience preferably in home improvement services exceptional communication and organizational skills ability to manage stress well and juggle multiple account challenges at once fluent in microsoft word excel and powerpoint benefits competitive compensation package ability to work remotely unlimited pto every third friday of the month off winter break closure the week between christmas and new years home office setup wellness reimbursement qualifications additional information forbes advisor provides equal employment opportunities to all employees and applicants for employment and prohibits discrimination and harassment of any type without regard to race color religion age sex national origin disability status genetics protected veteran status sexual orientation gender identity or expression or any other characteristic protected by federal state or local laws this policy applies to all terms and conditions of employment including recruiting hiring placement promotion termination layoff recall transfer leaves of absence compensation and training liremote linm1
Graphic Designer,DMS International,Lead/Principal,Frontend,"spring, git",data management services inc dba dms international is a professional services firm headquartered in silver spring maryland with work locations throughout the continental united states we prepare managers and executives to lead their workforce through customized learning solutions that drive the standards of an everchanging world we build creative unique and engaging learning experiences for commercial civilian and defense organizations our highcaliber talent delivery methodology and innovative solutions contribute to preparing a workforce that is ready for the future you can join us on this journey to bring efficiency and creativity to our customers at dms international dms we are the catalyst for effective workforce transformation to achieve this we hire professionals who take pride in doing quality work and who are excited about contributing to the professional development of tomorrows leaders dms seeks candidates that possess and display the attributes that reflect our core values of quality in delivering solutions leadership innovation teamwork integrity in conduct responsiveness to our customers mission dms international is an equal opportunity employer we make employment decisions without regard to race color religion national origin gender sexual orientation gender identity age physical or mental disability pregnancy childbirth lactation and related medical conditions genetic factors militaryveteran status or other characteristics protected by law we encourage individuals from all backgrounds to apply job description dms international is seeking a graphic designer to support visual communications efforts for a federal client in an upcoming contract opportunity the graphic designer will develop engaging and accessible visuals for use across print and digital platforms while ensuring alignment with brand guidelines and communication objectives the ideal candidate is creative detailoriented and able to manage multiple design projects simultaneously key responsibilities design graphics for a variety of media formats including brochures posters reports social media websites and presentations apply branding and style guides consistently across all visual products collaborate with communications teams and other stakeholders to understand project requirements and ensure alignment with strategic goals develop creative concepts and visuals that support communication strategies and campaign messaging create engaging infographics illustrations and layouts to effectively present data and narratives revise and refine designs based on feedback and ensure highquality final deliverables manage multiple projects and deadlines ensuring timely delivery of all graphic assets stay current with design trends tools and technologies to continuously improve design output qualifications bachelors degree in graphic design business communications media or a related field minimum of 5 years of relevant experience or 2 years with a masters degree or higher in a related field proficiency with adobe creative suite illustrator photoshop indesign etc and other industrystandard design tools strong portfolio demonstrating design for both print and digital platforms ability to communicate design concepts clearly and receive constructive feedback strong time management organization and attention to detail us citizenship required ability to obtain and maintain a public trust clearance classification tbd location remote
Client Success Manager,"Momentive Software, Inc.",Lead/Principal,Frontend,No Tags Found,this description is a summary of our understanding of the job description click on apply button to find out more role description the client success manager csm is the primary relationship owner and account contact for an assigned subset of yourmembership clients a csm is responsible for establishing and maintaining a healthy relationship between yourmembership and assigned clients healthy relationships result in adoption clients successful use of yourmembership to meet their organizational needs retention ontime subscription renewal with appropriate price increase account expansion adding yourmembership features and services adding other momentive software products this is accomplished through discovering and understanding clients needs creatively generating solutions for those needs through yourmembership and other momentive products and services skillfully communicating via videoconference phone and email negotiating contract details to win deals duties responsibilities contribute to a positive team culture centered on serving clients own and foster the relationship between yourmembership and assigned clients serving as the primary account contact and escalation path drive client retention renewal through proactive and responsive communication creation and communication of solutions and explanation and negotiation of contracts drive client expansion through identification of needs creation and communication of solutions and explanation and negotiation of contracts drive client satisfaction and success through proactive outreach utilization and account reviews and responding to client challenges complaints and survey responses maintain accurately the status of each clients renewal opportunities expansion opportunities and overall health and sentiment using salesforce and established processes gather feedback from clients about their experience with yourmemberships product support and services and share that feedback with relevant team to contribute to improvement of the experience for all clients complete continuous learning and maintain an expertlevel knowledge of the product platform and industry bestpractices follow established processes for the client success team and provide input to improve those processes collaborate with team members to meet other company objectives qualifications at least 5 years of experience in areas related to momentives business client success account management sales or services especially in a saas context or at least 5 years of experience in areas related to momentives client base associations membership organizations nonprofit organizations especially in management requirements expert knowledge of the yourmembership product platform or ability to gain it through training ability to use client relationship management software experience using salesforce is a plus ability to use or learn microsoft office tools outlook teams excel powerpoint word demonstrated teamwork skills and ability to influence peers and leaders in a positive way excellent verbal and written communication organization and follow up skills including comfortability communicating with executives and other decisionmakers excellent judgement in decisionmaking especially when balancing the needs of clients team members the company and other stakeholders proven ability to handle a highvolume of assigned clients multiple tasks and meet deadlines with minimal supervision benefits medical dental vision benefits 401k savings plan company match flexible planned paid time off generous sick leave casual environment purposedriven culture worklife balance passionate about community involvement company paid parental leave company paid short term disability remote flexibility
Ed-Tech Implementation Specialist,ClickView,Lead/Principal,Frontend,git,join a passionate us team at a worldwide leading educational video company support our customers and enhance video learning experiences for schools fulltime permanent position working remotely or in our charleston office why join us do you want to make a positive impact on the education of future generations if the answers yes then we want you here at clickview we believe in using the power of video to transform traditional education allowing students and teachers to foster a creative and innovative educational environment from wherever they are at clickview we look for passionate professionals who are seeking a handson role in a dynamic organization in turn we invest in our staff to enhance overall team performance and achieve growth together you can expect support and investment in your future career plus the daytoday benefits of an open plan and vibrant work environment are you ready to take your first step with us the role we are looking for a talented technical support specialist to help us continue to provide exceptional product and technical support to our customers across the us for both clickview and streamable learning we are looking for an individual who has a genuine love of customer service and technology and has a great attitude and work ethic to match the ideal candidate will love following processes whilst using their initiative to solve problems and maintain regular proactive contact with customers to build brand advocacy within the community this role offers you the opportunity to lead the product support function in the us whilst being supported by an enthusiastic and professional team globally youll be responsible for a wide variety of technical tasks which will allow you to showcase your technical and customer skills in a fast paced and innovative work environment your responsibilities include leading and supporting k12 district partners through the setup configuration and successful implementation of single signon sso platforms including samlbased integrations serving as the primary point of contact for technical onboarding ensuring smooth integration with district systems sso saml lms etc and minimizing barriers to adoption collaborating with district technology teams and instructional leaders to align implementations with instructional technology goals and classroom needs troubleshooting and resolving technical setup issues with a customerfirst mindset while escalating complex cases appropriately and working with global teams documenting all actions and information on cases maintaining an accurate database of interactions and next steps with customers running daily live zoom programs for customers providing technical support and postprogram support to our customers through editing video recordings and uploading to our platform data management eg daily program registration management and attendance data data entry and managing the daytoday of program updates and schedules ad hoc tasks such as supporting with landing pages and making modifications to our programs as required nice to have skills experience onboarding and implementing single signon services clever classlink saml experience of working with and technically supporting saas products k12 instructional technology experience with a strong understanding of how digital tools and platforms are adopted and used by teachers librarians and district technology teams experience working with salesforce crm benefits paid leave 20 days paid annual leave paid sick leave and extra paid wellbeing and volunteering leave 401k match and platinum health insurance 80 coverage with vision and dental included flexible working to accommodate hours and arrangements and ability to work remotely from a different location for up to 100 calendar days per year generous parental leave policy offering 16 weeks full pay learning and development budgets access to linkedin learning along with professional opportunities made available to all our teams so you can continue growing to be the best you wellbeing policy with access to eap and wellbeing apps we put your mental health and wellbeing at the forefront of what we do about the company our purpose clickview makes video learning easy we know that each student learns differently we believe that video is the perfect way to engage with any student despite differences in learning styles at clickview our goal is to give teachers the best opportunity to create a rich learning experience through video education for students from the videos we produce right here in australia the flipped classroom videos created by our community to the free to air tv programs we curate clickview is revolutionising how video can be utilised to increase student engagement and boost student outcomes our culture founded in 2003 we an australian owned company and have over 80 employees worldwide with offices in australia and the uk we are a group of young enthusiastic and passionate professionals who work hard and are empowered by the technology we use and the products we build we are looking for more likeminded people who like us are motivated by their love of technology and whose unique personality can contribute to the team and the company in general
Frontend Developer,Weekday AI,Not Specified,Backend,"typescript, react",this role is for one of weekdays clients salary range rs 1500000 rs 3000000 ie inr 1530 lpa min experience 3 years location remote india jobtype fulltime requirements key responsibilities design and implement responsive pixelperfect web pages and components using react translate product and marketing requirements into engaging landing pages and product ui flows work closely with backend developers to integrate apis and ensure seamless user experiences define and maintain a design system component library for consistency prototype and test new ux patterns for filespins services dashboards workflows content management optimize performance and accessibility across browsers and devices requirements 36 years experience in frontend development react typescript modern css frameworks like tailwindchakra strong portfolio demonstrating designui skills ability to take a concept and create polished userfriendly interfaces experience building landing pages and marketing sites with ab testing seo basics analytics integration solid understanding of ux principles responsive design accessibility wcag familiarity with design tools figma sketch adobe xd etc ability to collaborate with backend engineers marketers and founders in a fastmoving startup nice to have experience with nextjs animations framer motion gsap understanding of saas product design and developerfirst ux knowledge of cdn media processing or dam platforms about the company at weekday backed by yc also product hunt 1 product of the day we are building the next frontier in hiring we have built the largest database of white collar talent in india and have built outreach tools on top of it to generate highest response rates
AI Image Generation Specialist,INDG,Not Specified,Backend,No Tags Found,we are seeking a highly creative and technically adept ai image generation specialist to join our team in this role you will harness the power of various generative ai technologies to create visually excellent and unique content your expertise will be key in creating and configuring ai templates and reusable elements primarily using comfyui and controlnet to produce highly controlled and precise visual outputs this role offers a unique opportunity to combine your passion for generative ai technologies with your talent for creating visually stunning content you will be working with a team dedicated to pushing the boundaries of what is possible in creating templatebased content generation for the largest cpg brands in the world if you are looking to make a significant impact through aidriven creativity we invite you to join us in shaping the future of visual content whats grip as indgs software branch grip is an endtoend content automation platform that generates infinite ad variations by combining cgi rulebased generative ai and postproduction into an easytouse automated content generation platform that transforms master ad creatives into endless variationsempowering brands to scale content production globally without compromising on quality or brand consistency grip works by taking master content supplied by brands or their agencies and converting it into a deeply modular configurator this allows marketers to create their own visual adaptations and variations effortlessly saving millions in production costs while maintaining brand consistency what will you be doing aipowered content generation utilize a wide range of generative ai models and technologies including stablediffusion dalle midjourney comfyui controlnet flux and many more to create compelling visual content which will be leveraged as part of templates in our software product grip content enhancement enhance existing assets by applying generative ai techniques to improve visual quality or create adaptability for use in templates quality assurance maintain a keen eye for visual quality ensuring that all generated content meets or exceeds our standards for aesthetics crossfunctional collaboration collaborate closely with the inhouse content template making team to integrate generative aigenerated content seamlessly into various projects and campaigns ai research and stay current stay updated on the latest developments in generative ai technologies and incorporate emerging techniques into your workflow to maintain a competitive edge creative problem solving tackle unique creative challenges by leveraging generative ai solutions and actively seek new opportunities to enhance content through automation would be amazing if you have proficiency in popular ai frameworks particularly comfyui and controlnet exceptional visual sensibility and a portfolio showcasing your ability to create visually striking content strong problemsolving skills and a creative mindset ability to adapt to evolving ai technologies and stay at the forefront of the field fluency in english working at grip at grip we believe whatever you give your full attention becomes worthwhile we choose to focus our attention on developing and utilizing technology to create beautiful images and videos because were doing something we care about working here isnt merely a means to an end its our life our team comprises learners and doers from over 50 countries representing a wide range of backgrounds identities experiences and perspectives we dont just allow remote work we fully embrace it were committed to excellence and were always looking for more people who want to focus their care and attention on making beauty scalable through technology the procedure if youre ready to bring your powers to a role where you can make a difference we want to hear from you send your resume and portfolio in english via the link provided if you have questions contact our recruitment department at jobsindgcom indg grip handles and uses personal data of job applicants in line with its recruitment privacy policy
Applied AI Operations Lead,Canvas Medical,Lead/Principal,Backend,No Tags Found,company overview canvas medical is accelerating everyday medicine with an emr platform built for healthcare automation we create modern elegant front and backend tooling to enable new ways for developers and clinicians to integrate data automate workflows and collaborate to solve healthcares toughest challenges in doing so we advance our mission to give care teams superpowers with software canvas is institutionally backed by some of the greatest technology investors in the world funded notable health tech companies such as goodrx oscar health and hims hers health the role were hiring an applied ai operations lead to join our gtm operations team and drive successful deployment adoption and governance of ai agents across our customer base this role serves as the critical bridge between our applied ai engineering team and the healthcare organizations implementing canvass stateoftheart ai capabilities to transform their clinical and operational workflows youll be the handson expert who partners directly with customers to deploy and manage ai agents built with foundation model apis and our serverside sdk ensuring they deliver measurable value in realworld healthcare settings this means working closely with clinical operational and financial stakeholders to understand their unique workflows configure agents for optimal performance and operate robust governance frameworks that build trust in aipowered automation this role is ideal for someone who combines technical depth in llmbased systems with exceptional customerfacing skills and a passion for healthcare transformation youll translate complex ai capabilities into compelling value stories guide customers through change management and create repeatable playbooks that accelerate ai adoption across the canvas customer base your work will directly impact how thousands of care teams leverage ai to deliver better patient outcomes while reducing administrative burden youll collaborate with our applied ai engineering team to inform product development based on field insights work with customer success to ensure smooth implementations and partner with technical marketing to showcase the transformative impact of ai agents in canvas as ai becomes central to healthcare delivery youll be at the forefront of this revolution helping our customers realize the full potential of healthcare automation what youll do customer deployment implementation partner directly with healthcare organizations to deploy and configure ai agents for clinical documentation scheduling billing communications and workflow automation conduct workflow assessments to identify highimpact automation opportunities and design agent implementations that deliver measurable roi configure and optimize agent performance using prompt engineering context management and tool selection based on specific customer requirements create and maintain customerspecific evaluation frameworks that demonstrate agent effectiveness and build stakeholder confidence governance trust building maintain ai governance frameworks that ensure safe reliable agent operations in production healthcare environments design and implement monitoring systems for agent performance including accuracy tracking drift detection and quality assurance protocols partner with clinical and compliance teams to ensure deployed agents meet regulatory requirements and operational standards develop and deliver training programs that enable care teams to effectively collaborate with ai agents technical excellence innovation work handson with foundation model apis openai claude gemini and the canvas sdk to troubleshoot and optimize agent behavior collaborate with applied ai engineering to translate field insights into product improvements and new capabilitiesbuild and maintain a library of best practices implementation templates and governance playbooks that accelerate customer success stay current with advances in llm technology and healthcare ai applications to guide strategic customer conversations strategic customer partnership serve as the trusted ai advisor for canvas customers helping them navigate the transformation to aipowered healthcare operations drive executive conversations about ai strategy demonstrating how canvass platform capabilities enable competitive advantage create compelling narratives around ai impact using customer success stories performance metrics and roi analyses partner with sales teams on strategic opportunities providing technical expertise and vision for ai transformation qualifications required experience background 5 years in technical customerfacing roles solutions engineering technical consulting customer success engineering demonstrated experience deploying and managing llmbased applications in production environments track record of driving successful enterprise technology implementations with measurable business outcomes strong project management skills with ability to juggle multiple customer engagements simultaneously ai technical expertise handson experience with products offered from foundation model providers openai anthropic google and ai tools for lowcode automation with understanding of their capabilities and limitations understanding of ai safety alignment and governance principles experience with evaluation frameworks ab testing and performance monitoring for ai systems learned experience with the edges and limitations of ai products and understanding of the iterative process required to get high quality results healthcare domain knowledge healthcare technology experience required with ability to give workflow advice and construct automations that meet the needs of healthcare users understanding of clinical workflows emr systems and healthcare operations a plus familiarity with hipaa clinical documentation standards and healthcare compliance considerations ability to quickly develop domain expertise and speak credibly with clinical stakeholders skills capabilities comfort with ambiguity and ability to define structure in undefined spaces exceptional written and verbal communication skills with ability to create compelling technical content strong analytical and problemsolving abilities with datadriven approach to decision making experience creating and delivering technical training to diverse audiences who you are youre energized by ambiguity and thrive in fastpaced environments where you can experiment iterate and scale what works you have 5 years of experience implementing workflow tools and automation solutions in enterprise settings with 2 years of handson experience with llmbased systems youre deeply familiar with foundation model capabilities and have practical experience with context engineering and adversarial testing you excel at translating technical complexity into business value comfortable presenting to both technical teams and csuite executives you bring a consultative approach to customer engagement able to diagnose problems design solutions and drive change management you have experience in healthcare technology or a strong willingness to rapidly develop domain expertise in clinical and operational workflows you combine technical depth with exceptional communication skills able to create documentation deliver training and influence stakeholders what success looks like at 90 days youve successfully deployed ai agents with at least 3 canvas customers demonstrating measurable improvements in efficiency and user satisfaction youve made significant contributions based on your field insights to the best practices playbook for ai agent deployment and monitoring youve created compelling case studies and roi analyses that accelerate sales cycles and customer adoption location san francisco preferred we are a mostly remote distributed team we encourage people to do their work when and where they perform at their best because of this structure strong written communication skills time management skills and personal accountability are very important to us canvas medical provides equal employment opportunities to all employees and applicants for employment without regard to race religion color national origin gender sexual orientation age marital status veteran status or disability status
Content Writer & PR Strategist,Uvation,Lead/Principal,Frontend,No Tags Found,role overview as a content writer pr strategist you will be instrumental in crafting and publishing highimpact content while managing our public relations activities your expertise in writing engaging content combined with a strategic approach to pr and sem will drive our brands visibility and credibility key responsibilities content creation and publishing write edit and publish highquality content including articles blog posts case studies white papers and other written materials develop and maintain a content calendar that aligns with marketing and pr goals research and generate content ideas that resonate with target audiences and reflect industry trends ensure all content is accurate compelling and adheres to seo best practices to enhance online visibility and engagement utilize content management systems cms such as wordpress magento or similar platforms to publish and manage content on the companys website and other platforms optimize content for readability and user experience using htmlcss and other web development tools as needed blog writing and management create engaging and informative blog posts that drive traffic and establish thought leadership monitor blog performance using analytics tools like google analytics semrush or similar platforms to track metrics such as readership engagement and conversion rates engage with readers through comments and social media to foster a community around the blog collaborate with designers and multimedia experts to enhance blog content with visuals infographics and other multimedia elements public relations strategy develop and execute strategic pr plans to enhance the companys brand image and reputation craft press releases media pitches and pr materials that effectively communicate company news events and achievements build and maintain relationships with journalists media outlets and influencers to secure coverage and promote positive press monitor media coverage and industry trends to identify and address potential pr opportunities and challenges campaign and content strategy plan and implement integrated content and pr campaigns to support marketing objectives and business goals coordinate with marketing and product teams to ensure content and pr initiatives are aligned with brand messaging and overall strategy track and analyze the performance of content and pr campaigns using data analytics tools to refine strategies and improve outcomes implement sem strategies to drive targeted traffic and optimize roi on paid search campaigns brand messaging and consistency maintain a consistent brand voice and messaging across all content and pr materials collaborate with internal teams to develop key messaging for various campaigns and initiatives crisis communication assist in developing crisis communication strategies and materials to address any issues impacting the companys reputation manage sensitive communications with professionalism and tact technical expertise proficiency in seo tools such as moz ahrefs or google search console for keyword research site audits and performance tracking familiarity with sem tools including google ads bing ads and programmatic ad platforms for managing paid search and display advertising campaigns basic understanding of htmlcss for content formatting and troubleshooting knowledge of cms platforms eg wordpress magento and experience with website analytics tools eg google analytics semrush qualifications proven 3 years of experience in content writing and pr strategy with a strong portfolio of published work excellent writing editing and proofreading skills with a keen eye for detail demonstrated ability to create engaging content and execute effective pr campaigns strong analytical skills and experience with datadriven decision making ability to manage multiple projects and meet deadlines in a fastpaced environment bachelors degree in marketing communications journalism or a related field is preferred
Knowledge and Communications Writer,WorkMotion,Lead/Principal,Frontend,"aws, git",tired of the 9to5 grind imagine a worldwithout borders where opportunities are endless thats the future of work and were building it at workmotion our allinone hr platform makes it easy to hire and manage global teams ensuring compliance and streamlining processes so whether youre a digital nomad or a remotefirst company weve got you covered ready to join the future of work lets build something amazing together as we value worklife balance please only apply if youre based within 2 hours of the central european timezone our knowledge team is looking for a clear clientfocused communicator with a pr mindset and a passion for structured content to join us as a knowledge and communications writer in this role youll be responsible for drafting and delivering companywide external communicationsparticularly operational hr product and compliance updates for our clients and talents while also contributing to highquality internal documentation what you will do as a knowledge and communications writer draft and deliver external communications to clients and talents including mass announcements on operational hr compliance product and payroll topics ensure all communications are crafted with clarity consistency and a professional tone aligned with brand guidelines build and maintain a newsletter that showcases workmotions leadership in global compliance perform systematic audits of internal knowledgeensuring content is updated while working with internal teams to validate accuracy and uphold timelines collaborate with legal compliance product and operations teams to gather insights and convert them into accessible help center content draft and refine procedure manuals technical specs and communication templates for internal use or clientfacing deployment what we are looking for a strong communicator with a background or clear interest in external communications pr or corporate messagingespecially in a clientfacing or operational context excellent command of englishgrammar structure consistency and tone matter deeply to us strong attention to detail editorial discipline and the ability to follow brand toneofvoice guides experience or interest in turning technical compliance or operational subjects into clear credible content ability to work in a fully remote team willingness to learn is essential our benefits and perks global remote and thriving were a global team of talented individuals spread across 26 countries our workflex program lets you work from anywhere anytime whether its a beachside office or a cosy home office the choice is yours your wellbeing is our priority we know mental health matters which is why we offer a dedicated wellbeing day a full day off just to recharge and relax get fit and stay active whether its yoga weightlifting or a quick jogwork out on your terms at a discount with our subsidised gym memberships learn grow and develop we believe in constant growth with our training development allowance youll have all the opportunities you need to keep expanding your skills and knowledge stay connected take part in exciting annual team meetups diversity is our superpower we are proud to be an equal opportunity employer committed to fostering a diverse and inclusive workplace benefits vary depending on location due to local laws and regulations at workmotion were proud to be an equal opportunity employer if you need any accommodations during the recruitment process just let our recruitment team on jobsworkmotioncom were here to support you every step of the way about the company we are workmotion an employer of the future by thinking outside the border we are revolutionizing the working world and making the dream of working from anywhere a reality our allinone hr platform redefines global onboarding and management ensuring 100 compliant remote employment whats great about being part of workmotion is that we practice what we preach were all about location flexibility joining us means embracing remote work without limits our passion lies in building a more globalized world and in transforming how we work in a meaningful way
Compensation Analyst II,Everi,Lead/Principal,Backend,"aws, git",igt where innovation meets entertainment on a global scale weve recently leveled upigt gaming and digital have joined forces with everi creating a powerhouse in the world of gaming digital experiences and fintech solutions from the casino floor to your mobile screen were all about delivering thrilling responsible and unforgettable gaming experiences whether its spinning reels placing bets or powering secure payments we bring the funbacked by serious tech deep player insights and a passion for innovation with a team of over 7000 and a presence in 100 countries were not just globalwere locally legendary our teams work closely with regulators governments and partners to ensure we play by the rules while pushing the boundaries of whats possible if youre ready to bring your talent to a team thats shaping the future of entertainment your next big move starts here for more information please visit wwwigtcom or wwwevericom overview we are seeking a compensation analyst ii to join our dynamic hr team this role is essential in ensuring that our job descriptions compensation structures and pay practices remain competitive fair and compliant youll work closely with hr leaders recruiters and managers to design maintain and analyze compensation programs that support our mission to attract and retain top talent worldwide what will you be doing create update and maintain accurate job descriptions and compensation data partner with hr recruiting and managers to provide timely salary ranges and guidance ensure compliance with flsa standards and conduct regular audits of job classifications and pay structures perform market analysis salary surveys and reporting to keep igts compensation competitive support annual compensation planning processes maintain strict confidentiality in handling sensitive information skills knowledge expertise for the job bachelors degree in human resources business administration or a related field or equivalent experience 2 years experience in hr analytics or related fields at least 1 year of experience in compensation strong knowledge of flsa classifications compensation principles and market benchmarking advanced excel skills experience with hris systems preferred payfactor and radford experience a plus excellent analytical organizational and communication skills ability to thrive in a collaborative environment while managing multiple priorities and deadlines whats in it for you be part of a global leader in gaming and technology innovation work alongside a diverse team of professionals passionate about creating meaningful solutions access to professional development opportunities and career growth competitive compensation and comprehensive benefits package a culture that values collaboration creativity and respect at igt we believe compensation should reflect you your unique background skills experience and even where you work thats why our starting compensation range is 3300 3800 an hour with room to go higher or lower depending on the full picture we also follow all local pay laws and collective bargaining agreements so everythings above board but waittheres more base pay is just the beginning our total rewards program is packed with perks sales roles you might earn commissions other roles you could snag discretionary bonuses benefits galore health dental vision life accident disability insurance tuition reimbursement to keep your brain buzzing paid time off to recharge wellness programs to keep you feeling great identity theft insurance for peace of mind 401k savings plan with company contributions to help you plan for the future note some programs have eligibility requirementsbut well help you navigate those
Logistics Accountant,OurAssistants,Not Specified,Frontend,git,location work from home type of employment fulltime work shift us business hours about us at ourassistants we connect logistics property management and servicebased businesses with toptier virtual professionals were committed to supporting our clients operations while creating a growthfocused remotefriendly work environment for our team members learn more at ourassistantscom job summary we are looking for a detailoriented and experienced logistics accountant to support financial operations for a usbased logistics company the ideal candidate will have handson experience with karmak fusion or legacy and other accounting or fleet management tools this role will focus on bookkeeping reconciliation and financial tracking tailored to logistics operationscovering parts labor service tickets and inventory key responsibilities oversee daily accounting tasks related to logistics and fleet service operations perform reconciliations journal entries and monthend closing activities track and manage service tickets labor costs and parts inventory using karmak handle accounts payable ap and receivable ar transactions accurately and timely work closely with service managers and operations teams to validate data and address discrepancies generate and analyze financial reports including job costing margins and service profitability ensure adherence to company accounting policies and audit compliance maintain digital documentation of financial records invoices and reconciliations contribute to budgeting forecasting and variance analysis tasks qualifications and skills required at least 2 years of experience in accounting preferably in logistics fleet or service industries direct experience with karmak software fusion or legacy proficiency in accounting software quickbooks netsuite or similar solid understanding of service department accounting parts labor work orders accuracy attention to detail and excellent organizational skills proficient in microsoft excel or google sheets for reporting and analysis strong communication skills written and verbal in english selfdriven deadlineoriented and effective in remote work environments preferred familiarity with logistics or dealership operations experience supporting usbased accounting teams background in audit preparation or financial compliance additional requirements must be currently residing in the philippines or latin america must have a stable internet connection and remoteready workstation compensation and benefits permanent workfromhome setup collaborative and supportive remote work culture ongoing training and professional development opportunities competitive salary
Senior DevOps Engineer,QAD,Lead/Principal,Backend,"python, aws, sql, docker, kubernetes, terraform, jenkins, git, github",company description qad redzone is changing an industry with a peoplebased approach to continuous improvement our products quickly boost productivity and morale by addressing plantspecific production issues that affect production quality and maintenance teams we are looking for a proven senior devops engineer to work alongside other developers on a crossfunctional delivery team our developers innovate rather than merely follow a script we value their input and ideas allowing us to deliver products and functionalities ahead of our competitors we take pride in staying at the forefront of the industry this role is fully remote but must be based in mexico with full work authorization already in effect no visa sponsorship available job description as a devops engineer you will maintain and enhance established aws cloud infrastructure while collaborating with our existing devops team take ownership of specific components to distribute workload across the team develop comprehensive application understanding to improve infrastructure design optimize deployment pipelines and ensure saas environment reliability what you will do aws resource maintenance and enhancement using terraform and cloudformation implementing incremental infrastructure improvements kubernetes cluster management and optimization on eks improving container orchestration with helm and kustomize cicd pipeline refinement in github actions jenkins and flux2 to improve deployment reliability and speed system health monitoring with datadog and aws cloudwatch enhancing alerting rules and dashboards as needed development team collaboration to understand application requirements and behaviors using insights to improve infrastructure designs complex issue troubleshooting within multienvironment aws infrastructure qualifications professional degree optional 5 years of experience in the field computer skills aws cloud account and resource management including security policies iam vpc ec2 eks rds s3 msk waf and load balancers kubernetes administration troubleshooting and optimization docker container image creation and troubleshooting infrastructureascode implementation using terraform andor cloudformation gitops workflows and git source control including tools like flux2 or argocd cicd tooling proficiency specifically github actions and jenkins pipelines go or python scripting for operational workflow automation datadog and cloudwatch monitoring implementation application architecture understanding to inform infrastructure decisions important to have aws resource optimization for cost efficiency nice to have sql database operations and troubleshooting container image security scanning implementation production infrastructure change management other knowledge go python sql yaml hcl terraform additional information your health and well being are important to us at qad we provide programs that help you strike a healthy worklife balance opportunity to join a growing business launching into its next phase of expansion and transformation collaborative culture of smart and hardworking people who support one another to get the job done an atmosphere of growth and opportunity where ideasharing is always prioritized over level or hierarchy compensation packages based on experience and desired skill set about qad qad inc is a leading provider of adaptive cloudbased enterprise software and services for global manufacturing companies global manufacturers face everincreasing disruption caused by technologydriven innovation and changing consumer preferences in order to survive and thrive manufacturers must be able to innovate and change business models at unprecedented rates of speed qad calls these companies adaptive manufacturing enterprises qad solutions help customers in the automotive life sciences packaging consumer products food and beverage high tech and industrial manufacturing industries rapidly adapt to change and innovate for competitive advantage qad is committed to ensuring that every employee feels they work in an environment that values their contributions respects their unique perspectives and provides opportunities for growth regardless of background qads dei program is driving higher levels of diversity equity and inclusion so that employees can bring their whole self to work we are an equal opportunity employer and do not discriminate against any employee or applicant for employment because of race color sex age national origin religion sexual orientation gender identity status as a veteran and basis of disability or any other federal state or local protected class liremote
Scrum Master,Software Mind,Senior,Frontend,azure,company description we are software mind an awesome team of engineers who are ready to ramp up any topnotch companys projects our aim to always be one step ahead become part of a multicultural company in constant growth with an excellent work environment certified by great place to work job description overview software mind is seeking qualified candidates to fill the role of scrum master in addition to a competitive salary rate and a positive work environment we are committed to delivering highquality technology solutions we also offer flexible schedules an authentic worklife balance payment in us dollars about the role the scrum masters primary responsibility is supporting 2 kanban teams within scrum framework to ensure the team has what it needs to continually deliver value the scrum master is a team facilitator tasked with improving performance in the areas of quality predictability flow and velocity lidni qualifications some of the main responsibilities for the role include ensure the teams are focused on building the right capabilities and ensure focus on daily and iteration goals in the context of the current program increment pi objectives motivate and support project team members ensure they have the tools and knowledge to do their job and that all blocking issues are resolved quickly facilitate team meetings including the daily standup iteration planning iteration review and iteration retrospective eliminates impediments by actively addressing issues so that the team can remain focused on achieving the objectives of the iteration employs best practices to assist teams in constantly improving the quality of their deliverables and meeting the definition of done dod building a highperforming team focused on everimproving team dynamics and performance helps the team manage interpersonal conflicts challenges and opportunities effectively communicates with management and outside stakeholders continuously refineimprove team performance metrics by working with the team escalate issues that require executive attention coordinate interteam cooperation facilitates preparation and readiness for agile eventsceremonies assists the team in preparation for activities including pi planning system demos etc guides the team in establishing normalized work estimates and helps the team effectively estimate features and capabilities coaches teams in agilescrum best practices utilizes azure devops to manage agile teams delivery monitoring progress against goals job skillsrequirements 90 english written and oral at least b2 level with excellent communication skills previous experience as a scrum master or similar role experience working with the scrum framework able to motivate teams build a strong collaborative culture strong communicator and effective problemsolver additional information
Office Assistant,Coalition Technologies ,Senior,Backend,No Tags Found,why you should apply coalition technologies is devoted to delivering clients the highest quality work while providing our team a fun thriving and innovative environment along with the opportunity for tremendous career growth and rapid advancement ct offers the most competitive profitsharing bonus plan in the industry paying up to 50 of company profits to fulltime employees each month a highly competitive paid time off plan promoting quality worklife balance subsidized gym memberships to help team members feel their best medical dental vision and life insurance packages for all usbased team members international health insurance reimbursement program for all international team members a benefit unique to coalition device upgrade and learning reimbursement programs motivating career development plans with clearly defined goals and rewards additional jobspecific incentives and bonuses plus 100 of our team works remotely with the support of time tracking software our company culture specializes in supporting remote team members and weve been doing so for more than a decade ct welcomes your application wherever in the world its coming from you should have willingness to learn grow and collaborate with the team and company as a whole excellent verbal and written communication skills a high level of discretion ethics and trustworthiness intermediate spreadsheet skills preferred innovative thinking and a willingness to challenge existing methods where improvement is possible experience in bookkeeping financial record keeping preferred experience with google sheets or excel quickbooks online and gsuite preferred the availability to work 40 hours per week from 900 am to 600 pm pst a reliable space to work remotely with a fast computer quality internet camera microphone and speakers your duties and tasks answering phones and emails completing entrylevel bookkeeping including recording expenses organizing receipts and completing other transaction records resolving billing issues with clients and internal team members providing account access usage reports data analysis and other ad hoc requests for team members supporting quality assurance checks of various internal and client facing reporting organizing new client contracts create invoices and process client payments contributing to internal database maintenance upkeep and data entry researching ordering distributing companywide gifts 23 times per year organizing company events competitions and special projects throughout the year facilitating company holiday time off and schedule variation calendars we are looking for talented and diligent candidates who excel in our skills tests and will consider these candidates even if past experience or educational background criteria arent met california new york washington and colorado starting base pay for this position ranges between 15 25 per hour compensation may vary based on factors such as experience qualifications skills test performance geographic location and seniority of the position offered outside of california new york washington and colorado compensation may fall outside the above ranges
Software Engineer (Backend),Loganix,Not Specified,Backend,"python, javascript, java, php, sql, mysql",location remote division dev ops reports to coo compensation 3050usdhour about the role were looking for a software developer to take the reins on building automating and scaling the systems that power loganixs seo and linkbuilding services youll work at the intersection of custom web development api integrations and aidriven automation turning ideas into tools that save time deliver insights and keep us ahead of the competition what youll do build maintain tools develop backend and frontend systems for crms vendor portals dashboards and clientfacing platforms automate workflows use php python and javascript to automate seo data processing and reporting integrate apis ai models work with ahrefs clearscope google apis scraperapi youtube captions and llms to enhance operations design uiux build clean efficient interfaces using bootstrap jquery and datatables scrape process data create pipelines for serp data content analysis and keyword clustering support infrastructure collaborate on server migrations performance tuning and troubleshooting in lamplitespeed environments maintain vendor access manage updates and access for linkbuilding vendors solve problems diagnose and fix bugs quickly in live environments what were looking for experience 10 years in phpmysql development with proven automation and api integration work tech skills php mysql javascriptjquery bootstrap bash scripting python automation rest apis bonus points seo knowledge web scraping expertise ai integration experience linux server administration skills mindset selfdirected detailoriented resourceful and able to translate business needs into technical solutions why join us work directly on systems that drive measurable revenue and efficiency collaborate with a tightknit highimpact team freedom to choose the best tools and tech for the job remotefirst flexible work environment
 Agent/in (m/w/d) Inbound & Outbound Mobilfunk Sales,hey contact heroes GmbH,Not Specified,Not Specified,No Tags Found,this job ad is written in german 100 homeoffice start oktober 2025 du hast callcenter vertrieb im blut du liebst es kunden zu beraten optionen zu verkaufen und dabei richtig provision zu machen dann komm ins team der hey contact heroes und starte als agent mwd im mobilfunk voll durch aufgaben dein job schritt fr schritt anfang oktober du startest in einer b2c telesaleskampagne hier rufst du mobilfunkbestandskunden an und bietest ihnen attraktive zusatzoptionen z b datenpakete an ende november du wechselst ins inbound mobilfunk service sales dort beantwortest du kundenanfragen und nutzt jede chance fr vertriebsorientierte gesprchsfhrung deine aufgaben outboundvertrieb aktive ansprache von kunden und angebot von zusatzoptionen z b datenpakete telefonische beratung von mobilfunkbestandskunden inboundservice sales kompetente bearbeitung eingehender kundenanfragen sowie upselling crossselling dokumentation der kundengesprche in den systemen sicherstellung einer hohen kundenzufriedenheit und gleichzeitigem vertriebserfolg qualifikation deine arbeitszeiten rollierende schichten montag bis sonntag zwischen 700 und 2300 uhr etwa zwei wochenenden pro monat im einsatz voll oder teilzeit mglich benefits dein deal bei uns fairer stundenlohn ungedeckelte provision dein erfolg zahlt sich aus monatliche homeofficepauschale als extra strukturierte schulung einarbeitung damit du von tag eins an durchstarten kannst ein motiviertes team das vertrieb liebt und lebt bonusaktion fr deinen start wenn du zwischen dem 15092025 und 15102025 bei uns beginnst zahlen wir dir eine prmie von 200 fr jedes volle jahr berufserfahrung im kundenservice fr ein telekommunikationsunternehmen nachweis per arbeitgeberbescheinigung lohnabrechnung oder arbeitszeugnis die auszahlung erfolgt gesammelt nach erfolgreicher beendigung der probezeit 6 monate bist du bereit dann bewirb dich jetzt und werde teil der hey contact heroes
AI Trainer / English,Mindrift,Lead/Principal,Backend,No Tags Found,this opportunity is only for candidates currently residing in the specified country your location may affect eligibility and rates at mindrift innovation meets opportunity we believe in using the power of collective intelligence to ethically shape the future of ai what we do the mindrift platform connects specialists with ai projects from major tech innovators our mission is to unlock the potential of generative ai by tapping into realworld expertise from across the globe about the role mindrift is looking for passionate freelance contributors to join the tendem project httpstendemai to help build the future of hybrid agents where human expertise and ai capabilities work hand in hand as an ai agent assistant youll collaborate with large language models llms that handle repetitive tasks while you bring the nuance judgment and creativity required to deliver highquality results in this role you wont just review what ai produces youll work alongside it shaping and completing outputs so they are accurate reliable and ready for realworld application your daytoday may range from factchecking a scientific claim to curating a dataset conducting market research or refining sales leads this flexible parttime remote opportunity is ideal for professionals with backgrounds in research editing analysis or related fields who are excited by the possibilities of humanai collaboration your contributions will directly influence how ai systems learn evolve and support industries worldwide this is a freelance role for a project and your typical tasks may include your mission deliver wellreasoned accurate and clearly written outputs backed by credible sources conduct thorough web research to verify information and collect supporting evidence collaborate with large language models llms and internal tools using them as copilots to complete complex tasks design and refine prompts to guide ai toward higherquality results apply best practices for working with llms understanding both their strengths and limitations adapt quickly between diverse annotation research and analysis tasks while following detailed guidelines how to get started simply apply to this post qualify and get the chance to contribute to projects aligned with your skills on your own schedule from creating training prompts to refining model responses youll help shape the future of ai while ensuring technology benefits everyone requirements you have a masters degree or bachelors degree in various areas undergraduate students are acceptable you have at least 1 year of relevant experience your level of english is upperintermediate b2 or above you are skilled in web searching factchecking intentchecking able to work with llms and have great attention to detail you are ready to learn new methods able to switch between tasks and topics quickly and sometimes work with challenging complex guidelines our freelance role is fully remote so you just need a laptop internet connection time available and enthusiasm to take on a challenge benefits why this freelance opportunity might be a great fit for you get paid for your expertise with rates that can go up to 8hour depending on your skills experience and project needs take part in a parttime remote freelance project that fits around your primary professional or academic commitments work on advanced ai projects and gain valuable experience that enhances your portfolio influence how future ai models understand and communicate in your field of expertise
AI Trainer / English,Mindrift,Lead/Principal,Backend,No Tags Found,this opportunity is only for candidates currently residing in the specified country your location may affect eligibility and rates at mindrift innovation meets opportunity we believe in using the power of collective intelligence to ethically shape the future of ai what we do the mindrift platform connects specialists with ai projects from major tech innovators our mission is to unlock the potential of generative ai by tapping into realworld expertise from across the globe about the role mindrift is looking for passionate freelance contributors to join the tendem project httpstendemai to help build the future of hybrid agents where human expertise and ai capabilities work hand in hand as an ai agent assistant youll collaborate with large language models llms that handle repetitive tasks while you bring the nuance judgment and creativity required to deliver highquality results in this role you wont just review what ai produces youll work alongside it shaping and completing outputs so they are accurate reliable and ready for realworld application your daytoday may range from factchecking a scientific claim to curating a dataset conducting market research or refining sales leads this flexible parttime remote opportunity is ideal for professionals with backgrounds in research editing analysis or related fields who are excited by the possibilities of humanai collaboration your contributions will directly influence how ai systems learn evolve and support industries worldwide this is a freelance role for a project and your typical tasks may include your mission deliver wellreasoned accurate and clearly written outputs backed by credible sources conduct thorough web research to verify information and collect supporting evidence collaborate with large language models llms and internal tools using them as copilots to complete complex tasks design and refine prompts to guide ai toward higherquality results apply best practices for working with llms understanding both their strengths and limitations adapt quickly between diverse annotation research and analysis tasks while following detailed guidelines how to get started simply apply to this post qualify and get the chance to contribute to projects aligned with your skills on your own schedule from creating training prompts to refining model responses youll help shape the future of ai while ensuring technology benefits everyone requirements you have a masters degree or bachelors degree in various areas undergraduate students are acceptable you have at least 1 year of relevant experience your level of english is upperintermediate b2 or above you are skilled in web searching factchecking intentchecking able to work with llms and have great attention to detail you are ready to learn new methods able to switch between tasks and topics quickly and sometimes work with challenging complex guidelines our freelance role is fully remote so you just need a laptop internet connection time available and enthusiasm to take on a challenge benefits why this freelance opportunity might be a great fit for you get paid for your expertise with rates that can go up to 6hour depending on your skills experience and project needs take part in a parttime remote freelance project that fits around your primary professional or academic commitments work on advanced ai projects and gain valuable experience that enhances your portfolio influence how future ai models understand and communicate in your field of expertise
